{"stat.chestOpened":1,"stat.walkOneCm":106710,"stat.useItem.minecraft.sticky_piston":1,"stat.useItem.minecraft.chest":2,"stat.useItem.minecraft.lever":1,"stat.useItem.minecraft.stone":5,"stat.leaveGame":60,"stat.useItem.minecraft.cobblestone":1,"stat.useItem.minecraft.diamond_sword":12,"stat.jump":865,"stat.fallOneCm":3425,"stat.useItem.minecraft.redstone_block":19,"stat.pickup.minecraft.beef":1,"stat.drop.minecraft.diamond_helmet":1,"stat.crouchOneCm":1022,"stat.pickup.minecraft.chicken":1,"stat.enderchestOpened":4,"stat.sprintOneCm":112460,"stat.useItem.minecraft.stone_slab":22,"stat.useItem.minecraft.redstone_lamp":16,"stat.useItem.minecraft.barrier":7,"stat.killEntity.Chicken":1,"stat.pickup.minecraft.diamond_helmet":1,"stat.pickup.minecraft.leather":2,"stat.pickup.minecraft.feather":2,"stat.useItem.minecraft.stone_brick_stairs":2,"stat.mobKills":9,"stat.useItem.minecraft.stonebrick":3,"stat.flyOneCm":423169,"stat.drop":1,"stat.pickup.minecraft.egg":1,"stat.playOneMinute":626877,"stat.killEntity.Sheep":3,"stat.pickup.minecraft.clock":55,"stat.sneakTime":831,"stat.pickup.minecraft.wool":3,"stat.pickup.minecraft.rabbit":1,"stat.damageDealt":710,"stat.killEntity.Rabbit":1,"stat.timeSinceDeath":626877,"stat.killEntity.Cow":1,"stat.pickup.minecraft.mutton":5}