{"stat.chestOpened":1,"stat.walkOneCm":96061,"stat.useItem.minecraft.stone_slab":22,"stat.useItem.minecraft.sticky_piston":1,"stat.useItem.minecraft.chest":2,"stat.useItem.minecraft.lever":1,"stat.useItem.minecraft.redstone_lamp":16,"stat.useItem.minecraft.stone":1,"stat.useItem.minecraft.barrier":7,"stat.killEntity.Chicken":1,"stat.leaveGame":44,"stat.pickup.minecraft.diamond_helmet":1,"stat.pickup.minecraft.leather":2,"stat.pickup.minecraft.feather":2,"stat.useItem.minecraft.stone_brick_stairs":2,"stat.useItem.minecraft.cobblestone":1,"stat.mobKills":9,"stat.useItem.minecraft.stonebrick":1,"stat.useItem.minecraft.diamond_sword":12,"stat.flyOneCm":373348,"stat.drop":1,"stat.jump":683,"stat.pickup.minecraft.egg":1,"stat.playOneMinute":428279,"stat.fallOneCm":3216,"stat.useItem.minecraft.redstone_block":19,"stat.pickup.minecraft.beef":1,"stat.killEntity.Sheep":3,"stat.drop.minecraft.diamond_helmet":1,"stat.sneakTime":831,"stat.pickup.minecraft.wool":3,"stat.pickup.minecraft.rabbit":1,"stat.damageDealt":710,"stat.killEntity.Rabbit":1,"stat.crouchOneCm":1022,"stat.pickup.minecraft.chicken":1,"stat.enderchestOpened":4,"stat.timeSinceDeath":428279,"stat.killEntity.Cow":1,"stat.sprintOneCm":97658,"stat.pickup.minecraft.mutton":5}